country,alpha_2_code_x,alpha_3_code,numeric_code_x,indicator,year,obs_value,sex,unit_of_measure,current_age,alpha_2_code_y,numeric_code_y,"Population, total",GDP per capita (constant 2015 US$),GNI (current US$),"Inflation, consumer prices (annual %)","Life expectancy at birth, total (years)",Military expenditure (% of GDP),Fossil fuel energy consumption (% of total),GDP growth (annual %),"Birth rate, crude (per 1,000 people)","Hospital beds (per 1,000 people)"
Afghanistan,AF,AFG,4,Completion rate for youth of upper secondary education school age,2015,14.36536,Female,%,Total,AF,4.0,33831764.0,565.569730408751,19249499438.7455,-0.66170916471352,62.659,0.994575822723645,,1.45131466066431,38.803,0.44
Afghanistan,AF,AFG,4,Completion rate for youth of upper secondary education school age,2015,32.315559,Male,%,Total,AF,4.0,33831764.0,565.569730408751,19249499438.7455,-0.66170916471352,62.659,0.994575822723645,,1.45131466066431,38.803,0.44
Afghanistan,AF,AFG,4,Completion rate for youth of upper secondary education school age,2015,22.89534,Total,%,Total,AF,4.0,33831764.0,565.569730408751,19249499438.7455,-0.66170916471352,62.659,0.994575822723645,,1.45131466066431,38.803,0.44
Albania,AL,ALB,8,Completion rate for youth of upper secondary education school age,2018,79.857063,Female,%,Total,AL,8.0,2866376.0,4431.55559506989,15361070727.3542,2.02805963071136,79.184,1.16054478505068,,4.01934561695576,10.517,2.84
Albania,AL,ALB,8,Completion rate for youth of upper secondary education school age,2018,76.226807,Male,%,Total,AL,8.0,2866376.0,4431.55559506989,15361070727.3542,2.02805963071136,79.184,1.16054478505068,,4.01934561695576,10.517,2.84
Albania,AL,ALB,8,Completion rate for youth of upper secondary education school age,2018,77.94796,Total,%,Total,AL,8.0,2866376.0,4431.55559506989,15361070727.3542,2.02805963071136,79.184,1.16054478505068,,4.01934561695576,10.517,2.84
Algeria,DZ,DZA,12,Completion rate for youth of upper secondary education school age,2020,59.164452,Female,%,Total,DZ,12.0,44042091.0,4363.68533766912,162137110259.921,2.41513094083414,74.453,6.65871082968014,,-4.99999999999997,22.431,
Algeria,DZ,DZA,12,Completion rate for youth of upper secondary education school age,2020,34.630589,Male,%,Total,DZ,12.0,44042091.0,4363.68533766912,162137110259.921,2.41513094083414,74.453,6.65871082968014,,-4.99999999999997,22.431,
Algeria,DZ,DZA,12,Completion rate for youth of upper secondary education school age,2020,46.431679,Total,%,Total,DZ,12.0,44042091.0,4363.68533766912,162137110259.921,2.41513094083414,74.453,6.65871082968014,,-4.99999999999997,22.431,
Angola,AO,AGO,24,Completion rate for youth of upper secondary education school age,2016,15.21019,Female,%,Total,AO,24.0,29183070.0,3020.98332805417,50010057163.2154,30.6944150806719,61.092,2.73333494465123,,-2.58004964404932,41.377,
Angola,AO,AGO,24,Completion rate for youth of upper secondary education school age,2016,23.698139,Male,%,Total,AO,24.0,29183070.0,3020.98332805417,50010057163.2154,30.6944150806719,61.092,2.73333494465123,,-2.58004964404932,41.377,
Angola,AO,AGO,24,Completion rate for youth of upper secondary education school age,2016,18.7439,Total,%,Total,AO,24.0,29183070.0,3020.98332805417,50010057163.2154,30.6944150806719,61.092,2.73333494465123,,-2.58004964404932,41.377,
Argentina,AR,ARG,32,Completion rate for youth of upper secondary education school age,2020,65.963852,Female,%,Total,AR,32.0,45191965.0,11393.0505957877,375344057341.93,,75.892,0.734111593948744,,-9.9004848136464,14.125,3.2
Argentina,AR,ARG,32,Completion rate for youth of upper secondary education school age,2020,54.310711,Male,%,Total,AR,32.0,45191965.0,11393.0505957877,375344057341.93,,75.892,0.734111593948744,,-9.9004848136464,14.125,3.2
Argentina,AR,ARG,32,Completion rate for youth of upper secondary education school age,2020,60.195518,Total,%,Total,AR,32.0,45191965.0,11393.0505957877,375344057341.93,,75.892,0.734111593948744,,-9.9004848136464,14.125,3.2
Armenia,AM,ARM,51,Completion rate for youth of upper secondary education school age,2016,79.394547,Female,%,Total,AM,51.0,2992300.0,3533.88503607007,10791195836.7939,-1.403607559009,74.664,4.09034921699325,,0.199999999825991,14.504,4.36
Armenia,AM,ARM,51,Completion rate for youth of upper secondary education school age,2016,68.794182,Male,%,Total,AM,51.0,2992300.0,3533.88503607007,10791195836.7939,-1.403607559009,74.664,4.09034921699325,,0.199999999825991,14.504,4.36
Armenia,AM,ARM,51,Completion rate for youth of upper secondary education school age,2016,74.582832,Total,%,Total,AM,51.0,2992300.0,3533.88503607007,10791195836.7939,-1.403607559009,74.664,4.09034921699325,,0.199999999825991,14.504,4.36
Bangladesh,BD,BGD,50,Completion rate for youth of upper secondary education school age,2019,27.299999,Female,%,Total,BD,50.0,164913055.0,1564.20802445636,365618637342.157,5.59199639930629,72.806,1.24410082330294,,7.88191515117722,18.35,0.88
Bangladesh,BD,BGD,50,Completion rate for youth of upper secondary education school age,2019,31.5,Male,%,Total,BD,50.0,164913055.0,1564.20802445636,365618637342.157,5.59199639930629,72.806,1.24410082330294,,7.88191515117722,18.35,0.88
Bangladesh,BD,BGD,50,Completion rate for youth of upper secondary education school age,2019,29.4,Total,%,Total,BD,50.0,164913055.0,1564.20802445636,365618637342.157,5.59199639930629,72.806,1.24410082330294,,7.88191515117722,18.35,0.88
Barbados,BB,BRB,52,Completion rate for youth of upper secondary education school age,2012,96.900002,Female,%,Total,BB,52.0,276938.0,19438.2179113021,5098854100.0,4.53334753888766,76.099,,,-0.313311151079603,11.603,6.47
Barbados,BB,BRB,52,Completion rate for youth of upper secondary education school age,2012,91.199997,Male,%,Total,BB,52.0,276938.0,19438.2179113021,5098854100.0,4.53334753888766,76.099,,,-0.313311151079603,11.603,6.47
Barbados,BB,BRB,52,Completion rate for youth of upper secondary education school age,2012,93.900002,Total,%,Total,BB,52.0,276938.0,19438.2179113021,5098854100.0,4.53334753888766,76.099,,,-0.313311151079603,11.603,6.47
Belarus,BY,BLR,112,Completion rate for youth of upper secondary education school age,2020,98.489067,Female,%,Total,BY,112.0,9379952.0,6252.00220091446,58875118002.111,5.54814357456511,72.4572195121951,1.40325859867166,,-0.672742950624155,9.47,
Belarus,BY,BLR,112,Completion rate for youth of upper secondary education school age,2020,97.82029,Male,%,Total,BY,112.0,9379952.0,6252.00220091446,58875118002.111,5.54814357456511,72.4572195121951,1.40325859867166,,-0.672742950624155,9.47,
Belarus,BY,BLR,112,Completion rate for youth of upper secondary education school age,2020,98.108932,Total,%,Total,BY,112.0,9379952.0,6252.00220091446,58875118002.111,5.54814357456511,72.4572195121951,1.40325859867166,,-0.672742950624155,9.47,
Belize,BZ,BLZ,84,Completion rate for youth of upper secondary education school age,2016,50.700001,Female,%,Total,BZ,84.0,364705.0,6016.49646985703,2129392150.0,0.663427167917601,73.399,0.961415089078378,,0.0545516535970023,21.36,0.94
Belize,BZ,BLZ,84,Completion rate for youth of upper secondary education school age,2016,47.5,Male,%,Total,BZ,84.0,364705.0,6016.49646985703,2129392150.0,0.663427167917601,73.399,0.961415089078378,,0.0545516535970023,21.36,0.94
Belize,BZ,BLZ,84,Completion rate for youth of upper secondary education school age,2016,49.200001,Total,%,Total,BZ,84.0,364705.0,6016.49646985703,2129392150.0,0.663427167917601,73.399,0.961415089078378,,0.0545516535970023,21.36,0.94
Benin,BJ,BEN,204,Completion rate for youth of upper secondary education school age,2018,5.4404368,Female,%,Total,BJ,204.0,12383347.0,1071.50452160085,14207330367.8221,0.919170717886054,60.14,0.6328575401476,,6.69725362180888,38.186,0.46
Benin,BJ,BEN,204,Completion rate for youth of upper secondary education school age,2018,12.06018,Male,%,Total,BJ,204.0,12383347.0,1071.50452160085,14207330367.8221,0.919170717886054,60.14,0.6328575401476,,6.69725362180888,38.186,0.46
Benin,BJ,BEN,204,Completion rate for youth of upper secondary education school age,2018,8.4086723,Total,%,Total,BJ,204.0,12383347.0,1071.50452160085,14207330367.8221,0.919170717886054,60.14,0.6328575401476,,6.69725362180888,38.186,0.46
Bhutan,BT,BTN,64,Completion rate for youth of upper secondary education school age,2010,17.700001,Female,%,Total,BT,64.0,701632.0,2378.72810818592,1620906892.01776,7.0363831607302,68.43,,,11.9318739003886,19.541,1.68
Bhutan,BT,BTN,64,Completion rate for youth of upper secondary education school age,2010,25.1,Male,%,Total,BT,64.0,701632.0,2378.72810818592,1620906892.01776,7.0363831607302,68.43,,,11.9318739003886,19.541,1.68
Bhutan,BT,BTN,64,Completion rate for youth of upper secondary education school age,2010,21.1,Total,%,Total,BT,64.0,701632.0,2378.72810818592,1620906892.01776,7.0363831607302,68.43,,,11.9318739003886,19.541,1.68
"Bolivia, Plurinational State of",BO,BOL,68,Completion rate for youth of upper secondary education school age,2016,65.402481,Female,%,Total,BO,68.0,11180020.0,3077.57057479881,33320230252.159,3.62321431764138,67.628,1.53046784866919,,4.26392083754456,23.355,1.22
"Bolivia, Plurinational State of",BO,BOL,68,Completion rate for youth of upper secondary education school age,2016,66.120232,Male,%,Total,BO,68.0,11180020.0,3077.57057479881,33320230252.159,3.62321431764138,67.628,1.53046784866919,,4.26392083754456,23.355,1.22
"Bolivia, Plurinational State of",BO,BOL,68,Completion rate for youth of upper secondary education school age,2016,65.755737,Total,%,Total,BO,68.0,11180020.0,3077.57057479881,33320230252.159,3.62321431764138,67.628,1.53046784866919,,4.26392083754456,23.355,1.22
Bosnia and Herzegovina,BA,BIH,70,Completion rate for youth of upper secondary education school age,2012,92.0,Female,%,Total,BA,70.0,3670113.0,4138.70218363601,17361422536.9693,2.05267452001717,77.191,1.14557192089501,91.9478033227574,-0.821836474216894,9.211,2.33
Bosnia and Herzegovina,BA,BIH,70,Completion rate for youth of upper secondary education school age,2012,92.300003,Male,%,Total,BA,70.0,3670113.0,4138.70218363601,17361422536.9693,2.05267452001717,77.191,1.14557192089501,91.9478033227574,-0.821836474216894,9.211,2.33
Bosnia and Herzegovina,BA,BIH,70,Completion rate for youth of upper secondary education school age,2012,92.199997,Total,%,Total,BA,70.0,3670113.0,4138.70218363601,17361422536.9693,2.05267452001717,77.191,1.14557192089501,91.9478033227574,-0.821836474216894,9.211,2.33
Botswana,BW,BWA,72,Completion rate for youth of upper secondary education school age,2017,66.400002,Female,%,Total,BW,72.0,2266747.0,6662.57549449506,14738582295.4656,3.30828076768219,66.753,3.24857919499091,,4.1143636634186,25.672,2.39
Botswana,BW,BWA,72,Completion rate for youth of upper secondary education school age,2017,55.400002,Male,%,Total,BW,72.0,2266747.0,6662.57549449506,14738582295.4656,3.30828076768219,66.753,3.24857919499091,,4.1143636634186,25.672,2.39
Botswana,BW,BWA,72,Completion rate for youth of upper secondary education school age,2017,60.900002,Total,%,Total,BW,72.0,2266747.0,6662.57549449506,14738582295.4656,3.30828076768219,66.753,3.24857919499091,,4.1143636634186,25.672,2.39
Brazil,BR,BRA,76,Completion rate for youth of upper secondary education school age,2019,74.699997,Female,%,Total,BR,76.0,207455459.0,8771.44051336065,1822994396029.28,3.73297621216894,75.338,1.38279724638797,,1.22077782360842,13.633,2.24
Brazil,BR,BRA,76,Completion rate for youth of upper secondary education school age,2019,64.699997,Male,%,Total,BR,76.0,207455459.0,8771.44051336065,1822994396029.28,3.73297621216894,75.338,1.38279724638797,,1.22077782360842,13.633,2.24
Brazil,BR,BRA,76,Completion rate for youth of upper secondary education school age,2019,69.699997,Total,%,Total,BR,76.0,207455459.0,8771.44051336065,1822994396029.28,3.73297621216894,75.338,1.38279724638797,,1.22077782360842,13.633,2.24
Burkina Faso,BF,BFA,854,Completion rate for youth of upper secondary education school age,2010,2.3,Female,%,Total,BF,854.0,16176498.0,561.847221302489,9807542782.09475,-0.764230734676758,56.477,1.22478599330692,,8.44628157707625,43.206,0.4
Burkina Faso,BF,BFA,854,Completion rate for youth of upper secondary education school age,2010,6.3000002,Male,%,Total,BF,854.0,16176498.0,561.847221302489,9807542782.09475,-0.764230734676758,56.477,1.22478599330692,,8.44628157707625,43.206,0.4
Burkina Faso,BF,BFA,854,Completion rate for youth of upper secondary education school age,2010,3.9000001,Total,%,Total,BF,854.0,16176498.0,561.847221302489,9807542782.09475,-0.764230734676758,56.477,1.22478599330692,,8.44628157707625,43.206,0.4
Burundi,BI,BDI,108,Completion rate for youth of upper secondary education school age,2017,3.4000001,Female,%,Total,BI,108.0,11506762.0,269.47688960656,2725061087.87066,16.0525353030392,61.553,2.00270990259373,,0.500001262429279,38.124,
Burundi,BI,BDI,108,Completion rate for youth of upper secondary education school age,2017,3.5999999,Male,%,Total,BI,108.0,11506762.0,269.47688960656,2725061087.87066,16.0525353030392,61.553,2.00270990259373,,0.500001262429279,38.124,
Burundi,BI,BDI,108,Completion rate for youth of upper secondary education school age,2017,3.5,Total,%,Total,BI,108.0,11506762.0,269.47688960656,2725061087.87066,16.0525353030392,61.553,2.00270990259373,,0.500001262429279,38.124,
Cambodia,KH,KHM,116,Completion rate for youth of upper secondary education school age,2014,19.799999,Female,%,Total,KH,116.0,15396772.0,1464.53115866927,21110279792.7028,3.85568861424207,69.736,1.65679487918799,30.629081397544,8.00032074618566,22.775,
Cambodia,KH,KHM,116,Completion rate for youth of upper secondary education school age,2014,20.1,Male,%,Total,KH,116.0,15396772.0,1464.53115866927,21110279792.7028,3.85568861424207,69.736,1.65679487918799,30.629081397544,8.00032074618566,22.775,
Cambodia,KH,KHM,116,Completion rate for youth of upper secondary education school age,2014,19.9,Total,%,Total,KH,116.0,15396772.0,1464.53115866927,21110279792.7028,3.85568861424207,69.736,1.65679487918799,30.629081397544,8.00032074618566,22.775,
Cameroon,CM,CMR,120,Completion rate for youth of upper secondary education school age,2018,20.78063,Female,%,Total,CM,120.0,24806383.0,1461.01969999317,39216305348.0458,1.0688581131292,61.18,1.07600981816736,,3.95551423892049,36.716,
Cameroon,CM,CMR,120,Completion rate for youth of upper secondary education school age,2018,25.638069,Male,%,Total,CM,120.0,24806383.0,1461.01969999317,39216305348.0458,1.0688581131292,61.18,1.07600981816736,,3.95551423892049,36.716,
Cameroon,CM,CMR,120,Completion rate for youth of upper secondary education school age,2018,22.98877,Total,%,Total,CM,120.0,24806383.0,1461.01969999317,39216305348.0458,1.0688581131292,61.18,1.07600981816736,,3.95551423892049,36.716,
Central African Republic,CF,CAF,140,Completion rate for youth of upper secondary education school age,2019,5.1652322,Female,%,Total,CF,140.0,4944703.0,401.82582161435,2386023468.72084,2.68537355266787,55.025,1.79005408969,,3.09999999999999,41.92,
Central African Republic,CF,CAF,140,Completion rate for youth of upper secondary education school age,2019,7.5470662,Male,%,Total,CF,140.0,4944703.0,401.82582161435,2386023468.72084,2.68537355266787,55.025,1.79005408969,,3.09999999999999,41.92,
Central African Republic,CF,CAF,140,Completion rate for youth of upper secondary education school age,2019,6.217989,Total,%,Total,CF,140.0,4944703.0,401.82582161435,2386023468.72084,2.68537355266787,55.025,1.79005408969,,3.09999999999999,41.92,
Chad,TD,TCD,148,Completion rate for youth of upper secondary education school age,2019,2.7045281,Female,%,Total,TD,148.0,16685223.0,630.861050028594,11140998348.157,-0.971939175419317,53.259,2.13540316157051,,3.24718191743429,44.229,
Chad,TD,TCD,148,Completion rate for youth of upper secondary education school age,2019,6.7123079,Male,%,Total,TD,148.0,16685223.0,630.861050028594,11140998348.157,-0.971939175419317,53.259,2.13540316157051,,3.24718191743429,44.229,
Chad,TD,TCD,148,Completion rate for youth of upper secondary education school age,2019,4.4250321,Total,%,Total,TD,148.0,16685223.0,630.861050028594,11140998348.157,-0.971939175419317,53.259,2.13540316157051,,3.24718191743429,44.229,
Chile,CL,CHL,152,Completion rate for youth of upper secondary education school age,2017,88.080391,Female,%,Total,CL,152.0,18558868.0,13473.3458532575,265419010571.047,2.18271846868519,80.35,1.94059253045695,,1.35769537797211,12.13,2.12
Chile,CL,CHL,152,Completion rate for youth of upper secondary education school age,2017,83.068703,Male,%,Total,CL,152.0,18558868.0,13473.3458532575,265419010571.047,2.18271846868519,80.35,1.94059253045695,,1.35769537797211,12.13,2.12
Chile,CL,CHL,152,Completion rate for youth of upper secondary education school age,2017,85.579773,Total,%,Total,CL,152.0,18558868.0,13473.3458532575,265419010571.047,2.18271846868519,80.35,1.94059253045695,,1.35769537797211,12.13,2.12
China,CN,CHN,156,Completion rate for youth of upper secondary education school age,2015,67.300003,Female,%,Total,CN,156.0,1379860000.0,8016.44559489998,11008790517157.1,1.43702380935655,76.977,1.77677106896806,,7.04132887873656,11.99,3.82
China,CN,CHN,156,Completion rate for youth of upper secondary education school age,2015,63.0,Male,%,Total,CN,156.0,1379860000.0,8016.44559489998,11008790517157.1,1.43702380935655,76.977,1.77677106896806,,7.04132887873656,11.99,3.82
China,CN,CHN,156,Completion rate for youth of upper secondary education school age,2015,65.0,Total,%,Total,CN,156.0,1379860000.0,8016.44559489998,11008790517157.1,1.43702380935655,76.977,1.77677106896806,,7.04132887873656,11.99,3.82
Colombia,CO,COL,170,Completion rate for youth of upper secondary education school age,2015,78.236473,Female,%,Total,CO,170.0,46969940.0,6248.51490534512,289667485036.838,4.9898311584953,76.257,3.10996008410671,,2.95590137527523,15.585,1.65
Colombia,CO,COL,170,Completion rate for youth of upper secondary education school age,2015,69.195297,Male,%,Total,CO,170.0,46969940.0,6248.51490534512,289667485036.838,4.9898311584953,76.257,3.10996008410671,,2.95590137527523,15.585,1.65
Colombia,CO,COL,170,Completion rate for youth of upper secondary education school age,2015,73.92572,Total,%,Total,CO,170.0,46969940.0,6248.51490534512,289667485036.838,4.9898311584953,76.257,3.10996008410671,,2.95590137527523,15.585,1.65
Comoros,KM,COM,174,Completion rate for youth of upper secondary education school age,2012,31.700001,Female,%,Total,KM,174.0,681630.0,1313.58194779807,1014150823.30033,6.31474450315196,61.834,,,3.16840986908748,33.408,
Comoros,KM,COM,174,Completion rate for youth of upper secondary education school age,2012,23.6,Male,%,Total,KM,174.0,681630.0,1313.58194779807,1014150823.30033,6.31474450315196,61.834,,,3.16840986908748,33.408,
Comoros,KM,COM,174,Completion rate for youth of upper secondary education school age,2012,28.299999,Total,%,Total,KM,174.0,681630.0,1313.58194779807,1014150823.30033,6.31474450315196,61.834,,,3.16840986908748,33.408,
Congo,CG,COG,178,Completion rate for youth of upper secondary education school age,2015,19.348619,Female,%,Total,CG,178.0,5097581.0,2439.35189403696,12368954507.0538,3.16909796750829,63.233,,,0.415193061293763,34.648,
Congo,CG,COG,178,Completion rate for youth of upper secondary education school age,2015,27.795321,Male,%,Total,CG,178.0,5097581.0,2439.35189403696,12368954507.0538,3.16909796750829,63.233,,,0.415193061293763,34.648,
Congo,CG,COG,178,Completion rate for youth of upper secondary education school age,2015,23.26103,Total,%,Total,CG,178.0,5097581.0,2439.35189403696,12368954507.0538,3.16909796750829,63.233,,,0.415193061293763,34.648,
Costa Rica,CR,CRI,188,Completion rate for youth of upper secondary education school age,2018,60.406818,Female,%,Total,CR,188.0,4957818.0,12679.5253643016,59042419843.9842,2.22111461526581,79.484,,,2.6159044043379,13.562,1.11
Costa Rica,CR,CRI,188,Completion rate for youth of upper secondary education school age,2018,55.818001,Male,%,Total,CR,188.0,4957818.0,12679.5253643016,59042419843.9842,2.22111461526581,79.484,,,2.6159044043379,13.562,1.11
Costa Rica,CR,CRI,188,Completion rate for youth of upper secondary education school age,2018,57.958618,Total,%,Total,CR,188.0,4957818.0,12679.5253643016,59042419843.9842,2.22111461526581,79.484,,,2.6159044043379,13.562,1.11
Cuba,CU,CUB,192,Completion rate for youth of upper secondary education school age,2019,63.468102,Female,%,Total,CU,192.0,11202846.0,8124.75282059108,101873800000.0,,77.611,,,-0.163087223606624,9.752,4.17
Cuba,CU,CUB,192,Completion rate for youth of upper secondary education school age,2019,54.493649,Male,%,Total,CU,192.0,11202846.0,8124.75282059108,101873800000.0,,77.611,,,-0.163087223606624,9.752,4.17
Cuba,CU,CUB,192,Completion rate for youth of upper secondary education school age,2019,58.634781,Total,%,Total,CU,192.0,11202846.0,8124.75282059108,101873800000.0,,77.611,,,-0.163087223606624,9.752,4.17
Ivory Coast,CI,CIV,384,Completion rate for youth of upper secondary education school age,2017,14.6,Female,%,Total,CI,384.0,26733372.0,1972.81431788947,50973205770.8793,0.685881065304603,58.48,0.983197802304189,,7.41076242592504,35.863,
Ivory Coast,CI,CIV,384,Completion rate for youth of upper secondary education school age,2017,17.200001,Male,%,Total,CI,384.0,26733372.0,1972.81431788947,50973205770.8793,0.685881065304603,58.48,0.983197802304189,,7.41076242592504,35.863,
Ivory Coast,CI,CIV,384,Completion rate for youth of upper secondary education school age,2017,15.8,Total,%,Total,CI,384.0,26733372.0,1972.81431788947,50973205770.8793,0.685881065304603,58.48,0.983197802304189,,7.41076242592504,35.863,
"Korea, Democratic People's Republic of",KP,PRK,408,Completion rate for youth of upper secondary education school age,2017,100.0,Female,%,Total,KP,408.0,25817709.0,,,,72.978,,,,13.514,
"Korea, Democratic People's Republic of",KP,PRK,408,Completion rate for youth of upper secondary education school age,2017,99.699997,Male,%,Total,KP,408.0,25817709.0,,,,72.978,,,,13.514,
"Korea, Democratic People's Republic of",KP,PRK,408,Completion rate for youth of upper secondary education school age,2017,99.900002,Total,%,Total,KP,408.0,25817709.0,,,,72.978,,,,13.514,
"Congo, the Democratic Republic of the",CD,COD,180,Completion rate for youth of upper secondary education school age,2018,26.74103,Female,%,Total,CD,180.0,90047644.0,473.294077418165,45864379355.5355,,59.942,0.623912514687135,,5.82112109969025,42.989,
"Congo, the Democratic Republic of the",CD,COD,180,Completion rate for youth of upper secondary education school age,2018,36.384041,Male,%,Total,CD,180.0,90047644.0,473.294077418165,45864379355.5355,,59.942,0.623912514687135,,5.82112109969025,42.989,
"Congo, the Democratic Republic of the",CD,COD,180,Completion rate for youth of upper secondary education school age,2018,31.136499,Total,%,Total,CD,180.0,90047644.0,473.294077418165,45864379355.5355,,59.942,0.623912514687135,,5.82112109969025,42.989,
Dominican Republic,DO,DOM,214,Completion rate for youth of upper secondary education school age,2019,71.418953,Female,%,Total,DO,214.0,10894043.0,8195.9832061503,84872472558.5555,1.81060377042959,73.577,0.689583054746984,,5.05216802016253,19.291,1.25
Dominican Republic,DO,DOM,214,Completion rate for youth of upper secondary education school age,2019,50.961128,Male,%,Total,DO,214.0,10894043.0,8195.9832061503,84872472558.5555,1.81060377042959,73.577,0.689583054746984,,5.05216802016253,19.291,1.25
Dominican Republic,DO,DOM,214,Completion rate for youth of upper secondary education school age,2019,60.69688,Total,%,Total,DO,214.0,10894043.0,8195.9832061503,84872472558.5555,1.81060377042959,73.577,0.689583054746984,,5.05216802016253,19.291,1.25
Ecuador,EC,ECU,218,Completion rate for youth of upper secondary education school age,2019,79.400002,Female,%,Total,EC,218.0,17340021.0,5971.38938386723,104536017000.0,0.266012515466155,77.297,2.17005198939516,,0.165403532646692,17.338,1.39
Ecuador,EC,ECU,218,Completion rate for youth of upper secondary education school age,2019,77.699997,Male,%,Total,EC,218.0,17340021.0,5971.38938386723,104536017000.0,0.266012515466155,77.297,2.17005198939516,,0.165403532646692,17.338,1.39
Ecuador,EC,ECU,218,Completion rate for youth of upper secondary education school age,2019,78.5,Total,%,Total,EC,218.0,17340021.0,5971.38938386723,104536017000.0,0.266012515466155,77.297,2.17005198939516,,0.165403532646692,17.338,1.39
Egypt,EG,EGY,818,Completion rate for youth of upper secondary education school age,2014,40.901009,Female,%,Total,EG,818.0,97528654.0,3235.66246235257,298332708895.265,10.0702154687481,70.415,1.68969483568075,97.9289297878435,2.91591187985748,28.416,1.37
Egypt,EG,EGY,818,Completion rate for youth of upper secondary education school age,2014,43.02034,Male,%,Total,EG,818.0,97528654.0,3235.66246235257,298332708895.265,10.0702154687481,70.415,1.68969483568075,97.9289297878435,2.91591187985748,28.416,1.37
Egypt,EG,EGY,818,Completion rate for youth of upper secondary education school age,2014,41.8937,Total,%,Total,EG,818.0,97528654.0,3235.66246235257,298332708895.265,10.0702154687481,70.415,1.68969483568075,97.9289297878435,2.91591187985748,28.416,1.37
El Salvador,SV,SLV,222,Completion rate for youth of upper secondary education school age,2014,36.299999,Female,%,Total,SV,222.0,6162955.0,3713.94992016222,21558030000.0,1.14134467538233,71.746,1.03525487674093,48.4295873408768,1.7293998423459,18.809,1.37
El Salvador,SV,SLV,222,Completion rate for youth of upper secondary education school age,2014,33.5,Male,%,Total,SV,222.0,6162955.0,3713.94992016222,21558030000.0,1.14134467538233,71.746,1.03525487674093,48.4295873408768,1.7293998423459,18.809,1.37
El Salvador,SV,SLV,222,Completion rate for youth of upper secondary education school age,2014,35.0,Total,%,Total,SV,222.0,6162955.0,3713.94992016222,21558030000.0,1.14134467538233,71.746,1.03525487674093,48.4295873408768,1.7293998423459,18.809,1.37
Swaziland,SZ,SWZ,748,Completion rate for youth of upper secondary education school age,2014,33.314919,Female,%,Total,SZ,748.0,1136299.0,3367.36337022137,4063414218.60234,5.68134885776447,53.05,1.82287677397053,,1.71688783296895,28.423,
Swaziland,SZ,SWZ,748,Completion rate for youth of upper secondary education school age,2014,31.15066,Male,%,Total,SZ,748.0,1136299.0,3367.36337022137,4063414218.60234,5.68134885776447,53.05,1.82287677397053,,1.71688783296895,28.423,
Swaziland,SZ,SWZ,748,Completion rate for youth of upper secondary education school age,2014,32.277821,Total,%,Total,SZ,748.0,1136299.0,3367.36337022137,4063414218.60234,5.68134885776447,53.05,1.82287677397053,,1.71688783296895,28.423,
Ethiopia,ET,ETH,231,Completion rate for youth of upper secondary education school age,2016,13.56329,Female,%,Total,ET,231.0,106718162.0,662.32729587522,74054063837.4245,6.62813337230924,64.392,0.683567210395797,,9.43348265784402,33.315,0.33
Ethiopia,ET,ETH,231,Completion rate for youth of upper secondary education school age,2016,10.55048,Male,%,Total,ET,231.0,106718162.0,662.32729587522,74054063837.4245,6.62813337230924,64.392,0.683567210395797,,9.43348265784402,33.315,0.33
Ethiopia,ET,ETH,231,Completion rate for youth of upper secondary education school age,2016,12.27563,Total,%,Total,ET,231.0,106718162.0,662.32729587522,74054063837.4245,6.62813337230924,64.392,0.683567210395797,,9.43348265784402,33.315,0.33
Gabon,GA,GAB,266,Completion rate for youth of upper secondary education school age,2012,13.78477,Female,%,Total,GA,266.0,1846889.0,6803.22668079211,15456970450.5363,2.65241828695626,64.587,1.61980464787095,30.6946888672087,5.25107691750407,32.718,
Gabon,GA,GAB,266,Completion rate for youth of upper secondary education school age,2012,13.69669,Male,%,Total,GA,266.0,1846889.0,6803.22668079211,15456970450.5363,2.65241828695626,64.587,1.61980464787095,30.6946888672087,5.25107691750407,32.718,
Gabon,GA,GAB,266,Completion rate for youth of upper secondary education school age,2012,13.74806,Total,%,Total,GA,266.0,1846889.0,6803.22668079211,15456970450.5363,2.65241828695626,64.587,1.61980464787095,30.6946888672087,5.25107691750407,32.718,
Gambia,GM,GMB,270,Completion rate for youth of upper secondary education school age,2013,28.23843,Female,%,Total,GM,270.0,2103820.0,638.522368532214,1345939442.48817,5.69912989637382,62.114,0.739511152519748,,2.872768790327,39.398,
Gambia,GM,GMB,270,Completion rate for youth of upper secondary education school age,2013,32.780609,Male,%,Total,GM,270.0,2103820.0,638.522368532214,1345939442.48817,5.69912989637382,62.114,0.739511152519748,,2.872768790327,39.398,
Gambia,GM,GMB,270,Completion rate for youth of upper secondary education school age,2013,30.369619,Total,%,Total,GM,270.0,2103820.0,638.522368532214,1345939442.48817,5.69912989637382,62.114,0.739511152519748,,2.872768790327,39.398,
Georgia,GE,GEO,268,Completion rate for youth of upper secondary education school age,2018,82.90712,Female,%,Total,GE,268.0,3726549.0,4713.653548453031,17228317459.0649,2.6152447139767,73.341,1.89711315739272,,6.062036412677,14.395,4.24
Georgia,GE,GEO,268,Completion rate for youth of upper secondary education school age,2018,79.081383,Male,%,Total,GE,268.0,3726549.0,4713.653548453031,17228317459.0649,2.6152447139767,73.341,1.89711315739272,,6.062036412677,14.395,4.24
Georgia,GE,GEO,268,Completion rate for youth of upper secondary education school age,2018,80.900002,Total,%,Total,GE,268.0,3726549.0,4713.653548453031,17228317459.0649,2.6152447139767,73.341,1.89711315739272,,6.062036412677,14.395,4.24
Ghana,GH,GHA,288,Completion rate for youth of upper secondary education school age,2018,8.7223024,Female,%,Total,GH,288.0,30637585.0,1914.26001947098,64269886147.6558,7.80876516610703,64.122,0.32587623925291,,6.20007768127284,29.025,
Ghana,GH,GHA,288,Completion rate for youth of upper secondary education school age,2018,11.68049,Male,%,Total,GH,288.0,30637585.0,1914.26001947098,64269886147.6558,7.80876516610703,64.122,0.32587623925291,,6.20007768127284,29.025,
Ghana,GH,GHA,288,Completion rate for youth of upper secondary education school age,2018,10.04279,Total,%,Total,GH,288.0,30637585.0,1914.26001947098,64269886147.6558,7.80876516610703,64.122,0.32587623925291,,6.20007768127284,29.025,
Guatemala,GT,GTM,320,Completion rate for youth of upper secondary education school age,2015,25.43832,Female,%,Total,GT,320.0,15971743.0,3893.50521848131,60699664551.0048,2.3887203283955,72.103,0.405967931287061,,4.09217081621244,25.834,0.59
Guatemala,GT,GTM,320,Completion rate for youth of upper secondary education school age,2015,27.17853,Male,%,Total,GT,320.0,15971743.0,3893.50521848131,60699664551.0048,2.3887203283955,72.103,0.405967931287061,,4.09217081621244,25.834,0.59
Guatemala,GT,GTM,320,Completion rate for youth of upper secondary education school age,2015,26.215269,Total,%,Total,GT,320.0,15971743.0,3893.50521848131,60699664551.0048,2.3887203283955,72.103,0.405967931287061,,4.09217081621244,25.834,0.59
Guinea,GN,GIN,324,Completion rate for youth of upper secondary education school age,2018,12.5451,Female,%,Total,GN,324.0,12704774.0,899.907328045175,11675180326.704,9.82761701259191,59.349,1.77140056080645,,6.35849192736715,35.931,
Guinea,GN,GIN,324,Completion rate for youth of upper secondary education school age,2018,22.02212,Male,%,Total,GN,324.0,12704774.0,899.907328045175,11675180326.704,9.82761701259191,59.349,1.77140056080645,,6.35849192736715,35.931,
Guinea,GN,GIN,324,Completion rate for youth of upper secondary education school age,2018,16.25728,Total,%,Total,GN,324.0,12704774.0,899.907328045175,11675180326.704,9.82761701259191,59.349,1.77140056080645,,6.35849192736715,35.931,
Guinea-Bissau,GW,GNB,624,Completion rate for youth of upper secondary education school age,2019,8.1030951,Female,%,Total,GW,624.0,1967696.0,707.793673750722,1615032331.88075,0.24660026814783,60.882,1.53211512931544,,5.55045564999175,32.093,
Guinea-Bissau,GW,GNB,624,Completion rate for youth of upper secondary education school age,2019,13.71268,Male,%,Total,GW,624.0,1967696.0,707.793673750722,1615032331.88075,0.24660026814783,60.882,1.53211512931544,,5.55045564999175,32.093,
Guinea-Bissau,GW,GNB,624,Completion rate for youth of upper secondary education school age,2019,10.77863,Total,%,Total,GW,624.0,1967696.0,707.793673750722,1615032331.88075,0.24660026814783,60.882,1.53211512931544,,5.55045564999175,32.093,
Guyana,GY,GUY,328,Completion rate for youth of upper secondary education school age,2020,67.787537,Female,%,Total,GY,328.0,807481.0,9010.61000469878,5365305654.0658,0.99333702283873,68.486,1.40257741131547,,43.479651716849,20.473,2.25
Guyana,GY,GUY,328,Completion rate for youth of upper secondary education school age,2020,53.666962,Male,%,Total,GY,328.0,807481.0,9010.61000469878,5365305654.0658,0.99333702283873,68.486,1.40257741131547,,43.479651716849,20.473,2.25
Guyana,GY,GUY,328,Completion rate for youth of upper secondary education school age,2020,61.344212,Total,%,Total,GY,328.0,807481.0,9010.61000469878,5365305654.0658,0.99333702283873,68.486,1.40257741131547,,43.479651716849,20.473,2.25
Haiti,HT,HTI,332,Completion rate for youth of upper secondary education school age,2017,16.480619,Female,%,Total,HT,332.0,10817754.0,1432.67228609541,15151864668.1994,10.6800887242584,63.854,0.04364592592778,,2.51027134544685,24.98,
Haiti,HT,HTI,332,Completion rate for youth of upper secondary education school age,2017,17.08531,Male,%,Total,HT,332.0,10817754.0,1432.67228609541,15151864668.1994,10.6800887242584,63.854,0.04364592592778,,2.51027134544685,24.98,
Haiti,HT,HTI,332,Completion rate for youth of upper secondary education school age,2017,16.754721,Total,%,Total,HT,332.0,10817754.0,1432.67228609541,15151864668.1994,10.6800887242584,63.854,0.04364592592778,,2.51027134544685,24.98,
Honduras,HN,HND,340,Completion rate for youth of upper secondary education school age,2019,36.66938,Female,%,Total,HN,340.0,9943633.0,2447.61649282181,22895236635.6885,4.36587159819267,72.881,1.56512001524757,,2.55963434592314,21.628,0.65
Honduras,HN,HND,340,Completion rate for youth of upper secondary education school age,2019,29.18779,Male,%,Total,HN,340.0,9943633.0,2447.61649282181,22895236635.6885,4.36587159819267,72.881,1.56512001524757,,2.55963434592314,21.628,0.65
Honduras,HN,HND,340,Completion rate for youth of upper secondary education school age,2019,33.002911,Total,%,Total,HN,340.0,9943633.0,2447.61649282181,22895236635.6885,4.36587159819267,72.881,1.56512001524757,,2.55963434592314,21.628,0.65
India,IN,IND,356,Completion rate for youth of upper secondary education school age,2016,39.676998,Female,%,Total,IN,356.0,1343944296.0,1694.46534973825,2268496715258.31,4.94821634062141,70.117,2.54315152114541,,8.25630550179086,18.514,1.68
India,IN,IND,356,Completion rate for youth of upper secondary education school age,2016,46.471001,Male,%,Total,IN,356.0,1343944296.0,1694.46534973825,2268496715258.31,4.94821634062141,70.117,2.54315152114541,,8.25630550179086,18.514,1.68
India,IN,IND,356,Completion rate for youth of upper secondary education school age,2016,42.951,Total,%,Total,IN,356.0,1343944296.0,1694.46534973825,2268496715258.31,4.94821634062141,70.117,2.54315152114541,,8.25630550179086,18.514,1.68
Indonesia,ID,IDN,360,Completion rate for youth of upper secondary education school age,2017,62.74955,Female,%,Total,ID,360.0,267346658.0,3553.51999275326,983437956204.835,3.80879806953157,69.936,0.865191376221992,,5.06978590134916,17.519,1.15
Indonesia,ID,IDN,360,Completion rate for youth of upper secondary education school age,2017,63.55323,Male,%,Total,ID,360.0,267346658.0,3553.51999275326,983437956204.835,3.80879806953157,69.936,0.865191376221992,,5.06978590134916,17.519,1.15
Indonesia,ID,IDN,360,Completion rate for youth of upper secondary education school age,2017,63.147881,Total,%,Total,ID,360.0,267346658.0,3553.51999275326,983437956204.835,3.80879806953157,69.936,0.865191376221992,,5.06978590134916,17.519,1.15
Iraq,IQ,IRQ,368,Completion rate for youth of upper secondary education school age,2018,43.299999,Female,%,Total,IQ,368.0,40265624.0,4749.00921836896,225613469034.031,0.367441488936849,71.514,2.78810430800447,,2.63385099105624,28.429,1.05
Iraq,IQ,IRQ,368,Completion rate for youth of upper secondary education school age,2018,45.200001,Male,%,Total,IQ,368.0,40265624.0,4749.00921836896,225613469034.031,0.367441488936849,71.514,2.78810430800447,,2.63385099105624,28.429,1.05
Iraq,IQ,IRQ,368,Completion rate for youth of upper secondary education school age,2018,44.299999,Total,%,Total,IQ,368.0,40265624.0,4749.00921836896,225613469034.031,0.367441488936849,71.514,2.78810430800447,,2.63385099105624,28.429,1.05
Jamaica,JM,JAM,388,Completion rate for youth of upper secondary education school age,2011,83.099998,Female,%,Total,JM,388.0,2760494.0,5063.19380143837,13926261521.2056,7.555856465809,73.094,0.925165752936644,82.4930960411927,1.73037626746921,15.264,1.81
Jamaica,JM,JAM,388,Completion rate for youth of upper secondary education school age,2011,80.400002,Male,%,Total,JM,388.0,2760494.0,5063.19380143837,13926261521.2056,7.555856465809,73.094,0.925165752936644,82.4930960411927,1.73037626746921,15.264,1.81
Jamaica,JM,JAM,388,Completion rate for youth of upper secondary education school age,2011,81.800003,Total,%,Total,JM,388.0,2760494.0,5063.19380143837,13926261521.2056,7.555856465809,73.094,0.925165752936644,82.4930960411927,1.73037626746921,15.264,1.81
Jordan,JO,JOR,400,Completion rate for youth of upper secondary education school age,2018,63.370548,Female,%,Total,JO,400.0,10462306.0,3928.77026821205,43171142394.3662,4.46231108475481,75.774,4.56009087117148,,1.91907091341564,22.999,1.41
Jordan,JO,JOR,400,Completion rate for youth of upper secondary education school age,2018,48.789242,Male,%,Total,JO,400.0,10462306.0,3928.77026821205,43171142394.3662,4.46231108475481,75.774,4.56009087117148,,1.91907091341564,22.999,1.41
Jordan,JO,JOR,400,Completion rate for youth of upper secondary education school age,2018,55.72213,Total,%,Total,JO,400.0,10462306.0,3928.77026821205,43171142394.3662,4.46231108475481,75.774,4.56009087117148,,1.91907091341564,22.999,1.41
Kazakhstan,KZ,KAZ,398,Completion rate for youth of upper secondary education school age,2015,95.699997,Female,%,Total,KZ,398.0,18084169.0,10196.1226255982,172770506433.204,6.67828585615244,71.97,1.1097215472116,,1.20000000053288,22.71,5.75
Kazakhstan,KZ,KAZ,398,Completion rate for youth of upper secondary education school age,2015,94.699997,Male,%,Total,KZ,398.0,18084169.0,10196.1226255982,172770506433.204,6.67828585615244,71.97,1.1097215472116,,1.20000000053288,22.71,5.75
Kazakhstan,KZ,KAZ,398,Completion rate for youth of upper secondary education school age,2015,95.199997,Total,%,Total,KZ,398.0,18084169.0,10196.1226255982,172770506433.204,6.67828585615244,71.97,1.1097215472116,,1.20000000053288,22.71,5.75
Kenya,KE,KEN,404,Completion rate for youth of upper secondary education school age,2014,38.200001,Female,%,Total,KE,404.0,46051440.0,1450.59338202277,60579831275.5359,6.87815499275949,61.816,1.19943336712808,17.3795726114892,5.02011100232484,31.298,
Kenya,KE,KEN,404,Completion rate for youth of upper secondary education school age,2014,43.900002,Male,%,Total,KE,404.0,46051440.0,1450.59338202277,60579831275.5359,6.87815499275949,61.816,1.19943336712808,17.3795726114892,5.02011100232484,31.298,
Kenya,KE,KEN,404,Completion rate for youth of upper secondary education school age,2014,40.799999,Total,%,Total,KE,404.0,46051440.0,1450.59338202277,60579831275.5359,6.87815499275949,61.816,1.19943336712808,17.3795726114892,5.02011100232484,31.298,
Kiribati,KI,KIR,296,Completion rate for youth of upper secondary education school age,2019,20.356689,Female,%,Total,KI,296.0,123921.0,1835.21962590991,411922551.894316,-1.81307995302947,67.15,,,3.26425930432951,28.064,
Kiribati,KI,KIR,296,Completion rate for youth of upper secondary education school age,2019,12.67272,Male,%,Total,KI,296.0,123921.0,1835.21962590991,411922551.894316,-1.81307995302947,67.15,,,3.26425930432951,28.064,
Kiribati,KI,KIR,296,Completion rate for youth of upper secondary education school age,2019,16.509899,Total,%,Total,KI,296.0,123921.0,1835.21962590991,411922551.894316,-1.81307995302947,67.15,,,3.26425930432951,28.064,
Kyrgyzstan,KG,KGZ,417,Completion rate for youth of upper secondary education school age,2018,84.900002,Female,%,Total,KG,417.0,6444078.5,1175.0713690492,8020105523.91389,1.54266145238436,71.4,1.53725886180592,,3.75791013557165,27.1,4.28
Kyrgyzstan,KG,KGZ,417,Completion rate for youth of upper secondary education school age,2018,89.099998,Male,%,Total,KG,417.0,6444078.5,1175.0713690492,8020105523.91389,1.54266145238436,71.4,1.53725886180592,,3.75791013557165,27.1,4.28
Kyrgyzstan,KG,KGZ,417,Completion rate for youth of upper secondary education school age,2018,86.800003,Total,%,Total,KG,417.0,6444078.5,1175.0713690492,8020105523.91389,1.54266145238436,71.4,1.53725886180592,,3.75791013557165,27.1,4.28
Lao People's Democratic Republic,LA,LAO,418,Completion rate for youth of upper secondary education school age,2017,30.57342,Female,%,Total,LA,418.0,7018147.0,2351.57441747595,16170183136.7602,0.825478607568026,67.434,,,6.8925308726989,23.715,1.58
Lao People's Democratic Republic,LA,LAO,418,Completion rate for youth of upper secondary education school age,2017,31.56905,Male,%,Total,LA,418.0,7018147.0,2351.57441747595,16170183136.7602,0.825478607568026,67.434,,,6.8925308726989,23.715,1.58
Lao People's Democratic Republic,LA,LAO,418,Completion rate for youth of upper secondary education school age,2017,31.058281,Total,%,Total,LA,418.0,7018147.0,2351.57441747595,16170183136.7602,0.825478607568026,67.434,,,6.8925308726989,23.715,1.58
Lesotho,LS,LSO,426,Completion rate for youth of upper secondary education school age,2018,36.900002,Female,%,Total,LS,426.0,2183603.0,1068.44462913373,3042775635.89218,4.7518030162474,53.733,1.99938292931215,,-1.48063315848241,27.262,
Lesotho,LS,LSO,426,Completion rate for youth of upper secondary education school age,2018,26.700001,Male,%,Total,LS,426.0,2183603.0,1068.44462913373,3042775635.89218,4.7518030162474,53.733,1.99938292931215,,-1.48063315848241,27.262,
Lesotho,LS,LSO,426,Completion rate for youth of upper secondary education school age,2018,31.799999,Total,%,Total,LS,426.0,2183603.0,1068.44462913373,3042775635.89218,4.7518030162474,53.733,1.99938292931215,,-1.48063315848241,27.262,
Liberia,LR,LBR,430,Completion rate for youth of upper secondary education school age,2013,9.3999996,Female,%,Total,LR,430.0,4470239.0,717.007280358975,2875704600.0,7.577306817414,59.943,1.08123677293918,,8.68728781639683,36.138,
Liberia,LR,LBR,430,Completion rate for youth of upper secondary education school age,2013,18.0,Male,%,Total,LR,430.0,4470239.0,717.007280358975,2875704600.0,7.577306817414,59.943,1.08123677293918,,8.68728781639683,36.138,
Liberia,LR,LBR,430,Completion rate for youth of upper secondary education school age,2013,13.4,Total,%,Total,LR,430.0,4470239.0,717.007280358975,2875704600.0,7.577306817414,59.943,1.08123677293918,,8.68728781639683,36.138,
Madagascar,MG,MDG,450,Completion rate for youth of upper secondary education school age,2018,15.0,Female,%,Total,MG,450.0,27494926.0,459.330367799543,13299570422.2112,8.59422958870476,65.27,0.532102174287315,,3.19435651744398,32.088,
Madagascar,MG,MDG,450,Completion rate for youth of upper secondary education school age,2018,15.5,Male,%,Total,MG,450.0,27494926.0,459.330367799543,13299570422.2112,8.59422958870476,65.27,0.532102174287315,,3.19435651744398,32.088,
Madagascar,MG,MDG,450,Completion rate for youth of upper secondary education school age,2018,15.3,Total,%,Total,MG,450.0,27494926.0,459.330367799543,13299570422.2112,8.59422958870476,65.27,0.532102174287315,,3.19435651744398,32.088,
Malawi,MW,MWI,454,Completion rate for youth of upper secondary education school age,2016,12.9,Female,%,Total,MW,454.0,17557739.0,538.221990810316,7886787909.55495,21.7111132136499,62.209,0.452047299475691,,2.49999999902064,34.824,
Malawi,MW,MWI,454,Completion rate for youth of upper secondary education school age,2016,15.3,Male,%,Total,MW,454.0,17557739.0,538.221990810316,7886787909.55495,21.7111132136499,62.209,0.452047299475691,,2.49999999902064,34.824,
Malawi,MW,MWI,454,Completion rate for youth of upper secondary education school age,2016,14.0,Total,%,Total,MW,454.0,17557739.0,538.221990810316,7886787909.55495,21.7111132136499,62.209,0.452047299475691,,2.49999999902064,34.824,
Mali,ML,MLI,466,Completion rate for youth of upper secondary education school age,2015,11.8,Female,%,Total,ML,466.0,18593022.0,704.821646439506,12808995432.8001,1.45069057605961,58.363,2.36017445199795,,6.17180002424978,44.342,0.26
Mali,ML,MLI,466,Completion rate for youth of upper secondary education school age,2015,23.1,Male,%,Total,ML,466.0,18593022.0,704.821646439506,12808995432.8001,1.45069057605961,58.363,2.36017445199795,,6.17180002424978,44.342,0.26
Mali,ML,MLI,466,Completion rate for youth of upper secondary education school age,2015,16.799999,Total,%,Total,ML,466.0,18593022.0,704.821646439506,12808995432.8001,1.45069057605961,58.363,2.36017445199795,,6.17180002424978,44.342,0.26
Mauritania,MR,MRT,478,Completion rate for youth of upper secondary education school age,2015,23.235689,Female,%,Total,MR,478.0,3965959.0,1554.94897871782,5986395816.42587,3.25472688117631,64.485,2.15557240363879,,5.37633924099251,35.18,
Mauritania,MR,MRT,478,Completion rate for youth of upper secondary education school age,2015,31.298059,Male,%,Total,MR,478.0,3965959.0,1554.94897871782,5986395816.42587,3.25472688117631,64.485,2.15557240363879,,5.37633924099251,35.18,
Mauritania,MR,MRT,478,Completion rate for youth of upper secondary education school age,2015,26.626789,Total,%,Total,MR,478.0,3965959.0,1554.94897871782,5986395816.42587,3.25472688117631,64.485,2.15557240363879,,5.37633924099251,35.18,
Mexico,MX,MEX,484,Completion rate for youth of upper secondary education school age,2018,60.400002,Female,%,Total,MX,484.0,124573711.0,10296.8690937052,1223821716221.84,4.89935015356551,74.015,0.464611537244599,,1.97208210249194,16.465,0.98
Mexico,MX,MEX,484,Completion rate for youth of upper secondary education school age,2018,55.900002,Male,%,Total,MX,484.0,124573711.0,10296.8690937052,1223821716221.84,4.89935015356551,74.015,0.464611537244599,,1.97208210249194,16.465,0.98
Mexico,MX,MEX,484,Completion rate for youth of upper secondary education school age,2018,58.200001,Total,%,Total,MX,484.0,124573711.0,10296.8690937052,1223821716221.84,4.89935015356551,74.015,0.464611537244599,,1.97208210249194,16.465,0.98
Mongolia,MN,MNG,496,Completion rate for youth of upper secondary education school age,2014,73.10305,Female,%,Total,MN,496.0,2963113.0,3830.35892049593,11232542766.2328,12.253980812976,69.047,0.85972525833079,93.1993828259583,7.88522548204762,26.677,7.09
Mongolia,MN,MNG,496,Completion rate for youth of upper secondary education school age,2014,60.067669,Male,%,Total,MN,496.0,2963113.0,3830.35892049593,11232542766.2328,12.253980812976,69.047,0.85972525833079,93.1993828259583,7.88522548204762,26.677,7.09
Mongolia,MN,MNG,496,Completion rate for youth of upper secondary education school age,2014,66.150703,Total,%,Total,MN,496.0,2963113.0,3830.35892049593,11232542766.2328,12.253980812976,69.047,0.85972525833079,93.1993828259583,7.88522548204762,26.677,7.09
Montenegro,ME,MNE,499,Completion rate for youth of upper secondary education school age,2018,89.916656,Female,%,Total,ME,499.0,622227.0,7381.80764032937,5571825861.24026,2.611223782638,76.8414634146342,1.36929487275714,,5.0778888113381,11.7,3.86
Montenegro,ME,MNE,499,Completion rate for youth of upper secondary education school age,2018,82.537247,Male,%,Total,ME,499.0,622227.0,7381.80764032937,5571825861.24026,2.611223782638,76.8414634146342,1.36929487275714,,5.0778888113381,11.7,3.86
Montenegro,ME,MNE,499,Completion rate for youth of upper secondary education school age,2018,86.245087,Total,%,Total,ME,499.0,622227.0,7381.80764032937,5571825861.24026,2.611223782638,76.8414634146342,1.36929487275714,,5.0778888113381,11.7,3.86
Mozambique,MZ,MOZ,508,Completion rate for youth of upper secondary education school age,2011,5.2646251,Female,%,Total,MZ,508.0,23649039.0,514.869957191994,14364079955.0014,11.1666056127875,54.869,0.82655322493467,9.03128751876451,7.13405842300445,41.605,0.84
Mozambique,MZ,MOZ,508,Completion rate for youth of upper secondary education school age,2011,8.3742132,Male,%,Total,MZ,508.0,23649039.0,514.869957191994,14364079955.0014,11.1666056127875,54.869,0.82655322493467,9.03128751876451,7.13405842300445,41.605,0.84
Mozambique,MZ,MOZ,508,Completion rate for youth of upper secondary education school age,2011,6.6381321,Total,%,Total,MZ,508.0,23649039.0,514.869957191994,14364079955.0014,11.1666056127875,54.869,0.82655322493467,9.03128751876451,7.13405842300445,41.605,0.84
Myanmar,MM,MMR,104,Completion rate for youth of upper secondary education school age,2015,19.25675,Female,%,Total,MM,104.0,51089056.0,1166.73305546288,57499580407.6055,9.45417189526018,65.561,4.30136026437039,,6.99284029025125,18.402,1.06
Myanmar,MM,MMR,104,Completion rate for youth of upper secondary education school age,2015,13.85098,Male,%,Total,MM,104.0,51089056.0,1166.73305546288,57499580407.6055,9.45417189526018,65.561,4.30136026437039,,6.99284029025125,18.402,1.06
Myanmar,MM,MMR,104,Completion rate for youth of upper secondary education school age,2015,16.796431,Total,%,Total,MM,104.0,51089056.0,1166.73305546288,57499580407.6055,9.45417189526018,65.561,4.30136026437039,,6.99284029025125,18.402,1.06
Namibia,,NAM,516,Completion rate for youth of upper secondary education school age,2013,39.099998,Female,%,Total,,,,,,,,,,,,
Namibia,,NAM,516,Completion rate for youth of upper secondary education school age,2013,33.200001,Male,%,Total,,,,,,,,,,,,
Namibia,,NAM,516,Completion rate for youth of upper secondary education school age,2013,36.400002,Total,%,Total,,,,,,,,,,,,
Nepal,NP,NPL,524,Completion rate for youth of upper secondary education school age,2019,27.60297,Female,%,Total,NP,524.0,28414064.0,1077.11796498188,34539791626.5539,5.56868547784929,69.558,1.33766548315175,,6.65705543110467,20.868,0.29
Nepal,NP,NPL,524,Completion rate for youth of upper secondary education school age,2019,26.8309,Male,%,Total,NP,524.0,28414064.0,1077.11796498188,34539791626.5539,5.56868547784929,69.558,1.33766548315175,,6.65705543110467,20.868,0.29
Nepal,NP,NPL,524,Completion rate for youth of upper secondary education school age,2019,27.2705,Total,%,Total,NP,524.0,28414064.0,1077.11796498188,34539791626.5539,5.56868547784929,69.558,1.33766548315175,,6.65705543110467,20.868,0.29
Niger,NE,NER,562,Completion rate for youth of upper secondary education school age,2012,1.381436,Female,%,Total,NE,562.0,17836769.0,463.066265496402,9746582481.36369,0.45508982035929,59.65,1.62398436872309,29.6877361441591,10.5489445763446,47.398,0.44
Niger,NE,NER,562,Completion rate for youth of upper secondary education school age,2012,3.9006841,Male,%,Total,NE,562.0,17836769.0,463.066265496402,9746582481.36369,0.45508982035929,59.65,1.62398436872309,29.6877361441591,10.5489445763446,47.398,0.44
Niger,NE,NER,562,Completion rate for youth of upper secondary education school age,2012,2.1817999,Total,%,Total,NE,562.0,17836769.0,463.066265496402,9746582481.36369,0.45508982035929,59.65,1.62398436872309,29.6877361441591,10.5489445763446,47.398,0.44
Nigeria,NG,NGA,566,Completion rate for youth of upper secondary education school age,2018,43.5,Female,%,Total,NG,566.0,204938755.0,2431.77857832567,410486871490.792,12.0951065173432,52.554,0.506944517393582,,1.92275734200651,38.248,
Nigeria,NG,NGA,566,Completion rate for youth of upper secondary education school age,2018,57.0,Male,%,Total,NG,566.0,204938755.0,2431.77857832567,410486871490.792,12.0951065173432,52.554,0.506944517393582,,1.92275734200651,38.248,
Nigeria,NG,NGA,566,Completion rate for youth of upper secondary education school age,2018,49.200001,Total,%,Total,NG,566.0,204938755.0,2431.77857832567,410486871490.792,12.0951065173432,52.554,0.506944517393582,,1.92275734200651,38.248,
"Macedonia, the former Yugoslav Republic of",MK,MKD,807,Completion rate for youth of upper secondary education school age,2019,78.927872,Female,%,Total,MK,807.0,1876262.0,5961.58475399191,12024667114.9758,0.766439573459716,76.6024390243903,1.15911628553257,,3.91041953840173,9.6,4.19
"Macedonia, the former Yugoslav Republic of",MK,MKD,807,Completion rate for youth of upper secondary education school age,2019,86.400978,Male,%,Total,MK,807.0,1876262.0,5961.58475399191,12024667114.9758,0.766439573459716,76.6024390243903,1.15911628553257,,3.91041953840173,9.6,4.19
"Macedonia, the former Yugoslav Republic of",MK,MKD,807,Completion rate for youth of upper secondary education school age,2019,83.012756,Total,%,Total,MK,807.0,1876262.0,5961.58475399191,12024667114.9758,0.766439573459716,76.6024390243903,1.15911628553257,,3.91041953840173,9.6,4.19
Pakistan,PK,PAK,586,Completion rate for youth of upper secondary education school age,2018,23.328131,Female,%,Total,PK,586.0,226928892.0,1561.68169819559,350691167594.255,5.07805725868917,66.482,3.58696176378502,,6.15170261099519,28.594,0.51
Pakistan,PK,PAK,586,Completion rate for youth of upper secondary education school age,2018,23.559851,Male,%,Total,PK,586.0,226928892.0,1561.68169819559,350691167594.255,5.07805725868917,66.482,3.58696176378502,,6.15170261099519,28.594,0.51
Pakistan,PK,PAK,586,Completion rate for youth of upper secondary education school age,2018,23.43825,Total,%,Total,PK,586.0,226928892.0,1561.68169819559,350691167594.255,5.07805725868917,66.482,3.58696176378502,,6.15170261099519,28.594,0.51
Panama,PA,PAN,591,Completion rate for youth of upper secondary education school age,2013,68.300003,Female,%,Total,PA,591.0,3825329.0,13236.8306754449,44042096500.0,4.0271599157106,77.038,,79.902756818025,6.32435388662846,20.759,2.13
Panama,PA,PAN,591,Completion rate for youth of upper secondary education school age,2013,56.5,Male,%,Total,PA,591.0,3825329.0,13236.8306754449,44042096500.0,4.0271599157106,77.038,,79.902756818025,6.32435388662846,20.759,2.13
Panama,PA,PAN,591,Completion rate for youth of upper secondary education school age,2013,62.5,Total,%,Total,PA,591.0,3825329.0,13236.8306754449,44042096500.0,4.0271599157106,77.038,,79.902756818025,6.32435388662846,20.759,2.13
Paraguay,PY,PRY,600,Completion rate for youth of upper secondary education school age,2017,66.5,Female,%,Total,PY,600.0,6338660.0,6243.13363139058,37645080815.2412,3.60247741348943,73.644,0.892663231219253,,4.81007885554041,21.962,0.89
Paraguay,PY,PRY,600,Completion rate for youth of upper secondary education school age,2017,59.700001,Male,%,Total,PY,600.0,6338660.0,6243.13363139058,37645080815.2412,3.60247741348943,73.644,0.892663231219253,,4.81007885554041,21.962,0.89
Paraguay,PY,PRY,600,Completion rate for youth of upper secondary education school age,2017,63.099998,Total,%,Total,PY,600.0,6338660.0,6243.13363139058,37645080815.2412,3.60247741348943,73.644,0.892663231219253,,4.81007885554041,21.962,0.89
Peru,PE,PER,604,Completion rate for youth of upper secondary education school age,2012,71.699997,Female,%,Total,PE,604.0,29550366.0,5740.04346272472,180517336685.894,3.61121294940163,74.544,1.48351279277452,76.6591238570487,6.13972470560435,20.225,1.54
Peru,PE,PER,604,Completion rate for youth of upper secondary education school age,2012,77.699997,Male,%,Total,PE,604.0,29550366.0,5740.04346272472,180517336685.894,3.61121294940163,74.544,1.48351279277452,76.6591238570487,6.13972470560435,20.225,1.54
Peru,PE,PER,604,Completion rate for youth of upper secondary education school age,2012,74.800003,Total,%,Total,PE,604.0,29550366.0,5740.04346272472,180517336685.894,3.61121294940163,74.544,1.48351279277452,76.6591238570487,6.13972470560435,20.225,1.54
Philippines,PH,PHL,608,Completion rate for youth of upper secondary education school age,2017,83.263893,Female,%,Total,PH,608.0,108119693.0,3247.45038795053,364718697508.835,2.85318772590947,71.516,1.16796083355235,,6.93098832521765,22.664,0.99
Philippines,PH,PHL,608,Completion rate for youth of upper secondary education school age,2017,74.142693,Male,%,Total,PH,608.0,108119693.0,3247.45038795053,364718697508.835,2.85318772590947,71.516,1.16796083355235,,6.93098832521765,22.664,0.99
Philippines,PH,PHL,608,Completion rate for youth of upper secondary education school age,2017,78.315628,Total,%,Total,PH,608.0,108119693.0,3247.45038795053,364718697508.835,2.85318772590947,71.516,1.16796083355235,,6.93098832521765,22.664,0.99
"Moldova, Republic of",MD,MDA,498,Completion rate for youth of upper secondary education school age,2012,71.110809,Female,%,Total,MD,498.0,2860324.0,2389.08666147529,9519279677.54776,4.54633427355293,69.143,0.27407991661782,90.5707079061747,-0.589733954762579,13.746,6.32
"Moldova, Republic of",MD,MDA,498,Completion rate for youth of upper secondary education school age,2012,62.686489,Male,%,Total,MD,498.0,2860324.0,2389.08666147529,9519279677.54776,4.54633427355293,69.143,0.27407991661782,90.5707079061747,-0.589733954762579,13.746,6.32
"Moldova, Republic of",MD,MDA,498,Completion rate for youth of upper secondary education school age,2012,66.812927,Total,%,Total,MD,498.0,2860324.0,2389.08666147529,9519279677.54776,4.54633427355293,69.143,0.27407991661782,90.5707079061747,-0.589733954762579,13.746,6.32
Rwanda,RW,RWA,646,Completion rate for youth of upper secondary education school age,2015,15.9,Female,%,Total,RW,646.0,11640022.0,733.998585018273,8381415487.9646,2.52850284192421,65.298,1.21369473342003,,8.8568555974538,31.833,0.74
Rwanda,RW,RWA,646,Completion rate for youth of upper secondary education school age,2015,19.1,Male,%,Total,RW,646.0,11640022.0,733.998585018273,8381415487.9646,2.52850284192421,65.298,1.21369473342003,,8.8568555974538,31.833,0.74
Rwanda,RW,RWA,646,Completion rate for youth of upper secondary education school age,2015,17.299999,Total,%,Total,RW,646.0,11640022.0,733.998585018273,8381415487.9646,2.52850284192421,65.298,1.21369473342003,,8.8568555974538,31.833,0.74
Saint Lucia,LC,LCA,662,Completion rate for youth of upper secondary education school age,2012,89.699997,Female,%,Total,LC,662.0,172587.0,10517.2962861137,1560508962.96296,4.17763587102515,72.882,,,-0.108756148262358,12.496,
Saint Lucia,LC,LCA,662,Completion rate for youth of upper secondary education school age,2012,69.599998,Male,%,Total,LC,662.0,172587.0,10517.2962861137,1560508962.96296,4.17763587102515,72.882,,,-0.108756148262358,12.496,
Saint Lucia,LC,LCA,662,Completion rate for youth of upper secondary education school age,2012,80.400002,Total,%,Total,LC,662.0,172587.0,10517.2962861137,1560508962.96296,4.17763587102515,72.882,,,-0.108756148262358,12.496,
Samoa,WS,WSM,882,Completion rate for youth of upper secondary education school age,2020,65.603058,Female,%,Total,WS,882.0,211944.0,4283.07280337978,838366843.735625,-1.56891247740895,72.768,,,-3.10844401053139,27.622,
Samoa,WS,WSM,882,Completion rate for youth of upper secondary education school age,2020,47.758202,Male,%,Total,WS,882.0,211944.0,4283.07280337978,838366843.735625,-1.56891247740895,72.768,,,-3.10844401053139,27.622,
Samoa,WS,WSM,882,Completion rate for youth of upper secondary education school age,2020,56.555779,Total,%,Total,WS,882.0,211944.0,4283.07280337978,838366843.735625,-1.56891247740895,72.768,,,-3.10844401053139,27.622,
Sao Tome and Principe,ST,STP,678,Completion rate for youth of upper secondary education school age,2019,30.68014,Female,%,Total,ST,678.0,213392.0,1420.66008316091,412519347.900467,7.72024525213248,68.523,,,2.01431672129407,28.917,2.89
Sao Tome and Principe,ST,STP,678,Completion rate for youth of upper secondary education school age,2019,26.43675,Male,%,Total,ST,678.0,213392.0,1420.66008316091,412519347.900467,7.72024525213248,68.523,,,2.01431672129407,28.917,2.89
Sao Tome and Principe,ST,STP,678,Completion rate for youth of upper secondary education school age,2019,28.512659,Total,%,Total,ST,678.0,213392.0,1420.66008316091,412519347.900467,7.72024525213248,68.523,,,2.01431672129407,28.917,2.89
Senegal,SN,SEN,686,Completion rate for youth of upper secondary education school age,2019,9.7395945,Female,%,Total,SN,686.0,16352922.0,1379.60875249861,22793623628.4741,1.76011151192938,68.526,1.52473710605653,,4.61362809749708,33.47,0.73
Senegal,SN,SEN,686,Completion rate for youth of upper secondary education school age,2019,11.26875,Male,%,Total,SN,686.0,16352922.0,1379.60875249861,22793623628.4741,1.76011151192938,68.526,1.52473710605653,,4.61362809749708,33.47,0.73
Senegal,SN,SEN,686,Completion rate for youth of upper secondary education school age,2019,10.39117,Total,%,Total,SN,686.0,16352922.0,1379.60875249861,22793623628.4741,1.76011151192938,68.526,1.52473710605653,,4.61362809749708,33.47,0.73
Serbia,RS,SRB,688,Completion rate for youth of upper secondary education school age,2019,92.224716,Female,%,Total,RS,688.0,6945235.0,6870.75746352687,51089361866.0137,1.84922984511086,75.9365853658537,2.52647074818265,,4.75020793899014,9.3,5.34
Serbia,RS,SRB,688,Completion rate for youth of upper secondary education school age,2019,96.424553,Male,%,Total,RS,688.0,6945235.0,6870.75746352687,51089361866.0137,1.84922984511086,75.9365853658537,2.52647074818265,,4.75020793899014,9.3,5.34
Serbia,RS,SRB,688,Completion rate for youth of upper secondary education school age,2019,94.427223,Total,%,Total,RS,688.0,6945235.0,6870.75746352687,51089361866.0137,1.84922984511086,75.9365853658537,2.52647074818265,,4.75020793899014,9.3,5.34
Sierra Leone,SL,SLE,694,Completion rate for youth of upper secondary education school age,2017,17.5,Female,%,Total,SL,694.0,7379299.0,994.582742641008,5718813430.74186,18.2215094003386,58.652,1.0938168966116,,3.7538032140037,33.568,
Sierra Leone,SL,SLE,694,Completion rate for youth of upper secondary education school age,2017,27.4,Male,%,Total,SL,694.0,7379299.0,994.582742641008,5718813430.74186,18.2215094003386,58.652,1.0938168966116,,3.7538032140037,33.568,
Sierra Leone,SL,SLE,694,Completion rate for youth of upper secondary education school age,2017,21.700001,Total,%,Total,SL,694.0,7379299.0,994.582742641008,5718813430.74186,18.2215094003386,58.652,1.0938168966116,,3.7538032140037,33.568,
South Africa,ZA,ZAF,710,Completion rate for youth of upper secondary education school age,2016,51.86681,Female,%,Total,ZA,710.0,57259551.0,6095.295060428,315294109648.646,6.57139642173964,64.747,0.971046764986093,,0.664552307858116,20.25,
South Africa,ZA,ZAF,710,Completion rate for youth of upper secondary education school age,2016,44.761429,Male,%,Total,ZA,710.0,57259551.0,6095.295060428,315294109648.646,6.57139642173964,64.747,0.971046764986093,,0.664552307858116,20.25,
South Africa,ZA,ZAF,710,Completion rate for youth of upper secondary education school age,2016,48.42963,Total,%,Total,ZA,710.0,57259551.0,6095.295060428,315294109648.646,6.57139642173964,64.747,0.971046764986093,,0.664552307858116,20.25,
South Sudan,SS,SSD,728,Completion rate for youth of upper secondary education school age,2010,4.007863,Female,%,Total,SS,728.0,9745953.0,2295.07026096006,,1.16962180301106,54.812,4.14063254299941,,5.49341639529945,40.18,
South Sudan,SS,SSD,728,Completion rate for youth of upper secondary education school age,2010,11.51429,Male,%,Total,SS,728.0,9745953.0,2295.07026096006,,1.16962180301106,54.812,4.14063254299941,,5.49341639529945,40.18,
South Sudan,SS,SSD,728,Completion rate for youth of upper secondary education school age,2010,6.8728471,Total,%,Total,SS,728.0,9745953.0,2295.07026096006,,1.16962180301106,54.812,4.14063254299941,,5.49341639529945,40.18,
Sri Lanka,LK,LKA,144,Completion rate for youth of upper secondary education school age,2016,42.653061,Female,%,Total,LK,144.0,21209000.0,4217.25021944232,85816595299.7365,3.9588884659307,75.331,1.97935533284589,,5.05362489256818,15.496,3.81
Sri Lanka,LK,LKA,144,Completion rate for youth of upper secondary education school age,2016,32.289532,Male,%,Total,LK,144.0,21209000.0,4217.25021944232,85816595299.7365,3.9588884659307,75.331,1.97935533284589,,5.05362489256818,15.496,3.81
Sri Lanka,LK,LKA,144,Completion rate for youth of upper secondary education school age,2016,37.65617,Total,%,Total,LK,144.0,21209000.0,4217.25021944232,85816595299.7365,3.9588884659307,75.331,1.97935533284589,,5.05362489256818,15.496,3.81
"Palestinian Territory, Occupied",PS,PSE,275,Completion rate for youth of upper secondary education school age,2020,73.594498,Female,%,Total,PS,275.0,4803269.0,2922.46801084844,18024400000.0,-0.735332001092191,74.403,,,-11.3184661065134,28.8,
"Palestinian Territory, Occupied",PS,PSE,275,Completion rate for youth of upper secondary education school age,2020,51.215038,Male,%,Total,PS,275.0,4803269.0,2922.46801084844,18024400000.0,-0.735332001092191,74.403,,,-11.3184661065134,28.8,
"Palestinian Territory, Occupied",PS,PSE,275,Completion rate for youth of upper secondary education school age,2020,62.43668,Total,%,Total,PS,275.0,4803269.0,2922.46801084844,18024400000.0,-0.735332001092191,74.403,,,-11.3184661065134,28.8,
Sudan,SD,SDN,736,Completion rate for youth of upper secondary education school age,2014,28.1437,Female,%,Total,SD,736.0,38823318.0,1307.3896484375,48568747977.5281,36.9066427863595,64.269,,31.7265265898426,4.66137954229873,36.349,0.8
Sudan,SD,SDN,736,Completion rate for youth of upper secondary education school age,2014,33.15023,Male,%,Total,SD,736.0,38823318.0,1307.3896484375,48568747977.5281,36.9066427863595,64.269,,31.7265265898426,4.66137954229873,36.349,0.8
Sudan,SD,SDN,736,Completion rate for youth of upper secondary education school age,2014,30.54019,Total,%,Total,SD,736.0,38823318.0,1307.3896484375,48568747977.5281,36.9066427863595,64.269,,31.7265265898426,4.66137954229873,36.349,0.8
Suriname,SR,SUR,740,Completion rate for youth of upper secondary education school age,2018,26.467779,Female,%,Total,SR,740.0,599513.0,8666.64870697797,3608698866.57453,,72.553,,,4.94827108468886,18.577,2.88
Suriname,SR,SUR,740,Completion rate for youth of upper secondary education school age,2018,18.206461,Male,%,Total,SR,740.0,599513.0,8666.64870697797,3608698866.57453,,72.553,,,4.94827108468886,18.577,2.88
Suriname,SR,SUR,740,Completion rate for youth of upper secondary education school age,2018,22.25979,Total,%,Total,SR,740.0,599513.0,8666.64870697797,3608698866.57453,,72.553,,,4.94827108468886,18.577,2.88
Tajikistan,TJ,TJK,762,Completion rate for youth of upper secondary education school age,2017,62.71093,Female,%,Total,TJ,762.0,9085946.0,1042.26391757642,8637196303.70133,,69.905,1.03718533693392,,7.10000041864309,28.932,4.49
Tajikistan,TJ,TJK,762,Completion rate for youth of upper secondary education school age,2017,80.348846,Male,%,Total,TJ,762.0,9085946.0,1042.26391757642,8637196303.70133,,69.905,1.03718533693392,,7.10000041864309,28.932,4.49
Tajikistan,TJ,TJK,762,Completion rate for youth of upper secondary education school age,2017,69.537643,Total,%,Total,TJ,762.0,9085946.0,1042.26391757642,8637196303.70133,,69.905,1.03718533693392,,7.10000041864309,28.932,4.49
Thailand,TH,THA,764,Completion rate for youth of upper secondary education school age,2019,71.667732,Female,%,Total,TH,764.0,71522271.0,6434.53770518034,523977887377.21,0.706728601314311,78.975,1.32729814008386,,2.11455779628278,9.377,2.22
Thailand,TH,THA,764,Completion rate for youth of upper secondary education school age,2019,59.423611,Male,%,Total,TH,764.0,71522271.0,6434.53770518034,523977887377.21,0.706728601314311,78.975,1.32729814008386,,2.11455779628278,9.377,2.22
Thailand,TH,THA,764,Completion rate for youth of upper secondary education school age,2019,65.228394,Total,%,Total,TH,764.0,71522271.0,6434.53770518034,523977887377.21,0.706728601314311,78.975,1.32729814008386,,2.11455779628278,9.377,2.22
Timor-Leste,TL,TLS,626,Completion rate for youth of upper secondary education school age,2016,54.656509,Female,%,Total,TL,626.0,1228312.0,1333.6585468432,2220458200.0,-1.46984287886469,67.446,1.58833151581243,,3.00993062553351,27.018,
Timor-Leste,TL,TLS,626,Completion rate for youth of upper secondary education school age,2016,49.078838,Male,%,Total,TL,626.0,1228312.0,1333.6585468432,2220458200.0,-1.46984287886469,67.446,1.58833151581243,,3.00993062553351,27.018,
Timor-Leste,TL,TLS,626,Completion rate for youth of upper secondary education school age,2016,51.95586,Total,%,Total,TL,626.0,1228312.0,1333.6585468432,2220458200.0,-1.46984287886469,67.446,1.58833151581243,,3.00993062553351,27.018,
Togo,TG,TGO,768,Completion rate for youth of upper secondary education school age,2017,11.92323,Female,%,Total,TG,768.0,8057140.0,774.276909071917,6392420306.8336,-0.981889868943119,60.154,1.87454228815956,,4.00813326162304,33.656,0.65
Togo,TG,TGO,768,Completion rate for youth of upper secondary education school age,2017,31.181789,Male,%,Total,TG,768.0,8057140.0,774.276909071917,6392420306.8336,-0.981889868943119,60.154,1.87454228815956,,4.00813326162304,33.656,0.65
Togo,TG,TGO,768,Completion rate for youth of upper secondary education school age,2017,21.219419,Total,%,Total,TG,768.0,8057140.0,774.276909071917,6392420306.8336,-0.981889868943119,60.154,1.87454228815956,,4.00813326162304,33.656,0.65
Tonga,TO,TON,776,Completion rate for youth of upper secondary education school age,2019,56.31271,Female,%,Total,TO,776.0,105669.0,4576.85081914532,526879021.145671,1.17954334821808,70.871,,,-0.208437487640992,23.424,
Tonga,TO,TON,776,Completion rate for youth of upper secondary education school age,2019,45.1824,Male,%,Total,TO,776.0,105669.0,4576.85081914532,526879021.145671,1.17954334821808,70.871,,,-0.208437487640992,23.424,
Tonga,TO,TON,776,Completion rate for youth of upper secondary education school age,2019,50.928162,Total,%,Total,TO,776.0,105669.0,4576.85081914532,526879021.145671,1.17954334821808,70.871,,,-0.208437487640992,23.424,
Tunisia,TN,TUN,788,Completion rate for youth of upper secondary education school age,2018,57.400002,Female,%,Total,TN,788.0,11765514.0,4128.10393763368,41650260477.7648,7.30759176031652,75.95,1.97644872011962,,2.62493010870395,17.737,1.79
Tunisia,TN,TUN,788,Completion rate for youth of upper secondary education school age,2018,40.099998,Male,%,Total,TN,788.0,11765514.0,4128.10393763368,41650260477.7648,7.30759176031652,75.95,1.97644872011962,,2.62493010870395,17.737,1.79
Tunisia,TN,TUN,788,Completion rate for youth of upper secondary education school age,2018,48.700001,Total,%,Total,TN,788.0,11765514.0,4128.10393763368,41650260477.7648,7.30759176031652,75.95,1.97644872011962,,2.62493010870395,17.737,1.79
Turkmenistan,TM,TKM,795,Completion rate for youth of upper secondary education school age,2019,97.224037,Female,%,Total,TM,795.0,6803944.0,6718.16608056274,44588356857.1429,,69.002,,,6.30000004226711,23.055,4.13
Turkmenistan,TM,TKM,795,Completion rate for youth of upper secondary education school age,2019,96.631203,Male,%,Total,TM,795.0,6803944.0,6718.16608056274,44588356857.1429,,69.002,,,6.30000004226711,23.055,4.13
Turkmenistan,TM,TKM,795,Completion rate for youth of upper secondary education school age,2019,96.93737,Total,%,Total,TM,795.0,6803944.0,6718.16608056274,44588356857.1429,,69.002,,,6.30000004226711,23.055,4.13
Turks and Caicos Islands,TC,TCA,796,Completion rate for youth of upper secondary education school age,2020,95.88662,Female,%,Total,TC,796.0,44386.0,18073.2852240745,774953669.315186,,75.001,,,-26.782932872099,12.685,
Turks and Caicos Islands,TC,TCA,796,Completion rate for youth of upper secondary education school age,2020,99.62896,Male,%,Total,TC,796.0,44386.0,18073.2852240745,774953669.315186,,75.001,,,-26.782932872099,12.685,
Turks and Caicos Islands,TC,TCA,796,Completion rate for youth of upper secondary education school age,2020,97.688927,Total,%,Total,TC,796.0,44386.0,18073.2852240745,774953669.315186,,75.001,,,-26.782932872099,12.685,
Tuvalu,TV,TUV,798,Completion rate for youth of upper secondary education school age,2020,60.479,Female,%,Total,TV,798.0,10399.0,4233.0183205634,70406824.1018247,,64.382,,,-4.27493206901397,23.632,
Tuvalu,TV,TUV,798,Completion rate for youth of upper secondary education school age,2020,45.387081,Male,%,Total,TV,798.0,10399.0,4233.0183205634,70406824.1018247,,64.382,,,-4.27493206901397,23.632,
Tuvalu,TV,TUV,798,Completion rate for youth of upper secondary education school age,2020,52.63641,Total,%,Total,TV,798.0,10399.0,4233.0183205634,70406824.1018247,,64.382,,,-4.27493206901397,23.632,
Turkey,TR,TUR,792,Completion rate for youth of upper secondary education school age,2013,43.577709,Female,%,Total,TR,792.0,76147624.0,10195.8475785153,949181118917.851,7.49309030547693,76.297,1.92395933259341,88.1573215108987,8.48581699653026,17.737,2.64
Turkey,TR,TUR,792,Completion rate for youth of upper secondary education school age,2013,51.190842,Male,%,Total,TR,792.0,76147624.0,10195.8475785153,949181118917.851,7.49309030547693,76.297,1.92395933259341,88.1573215108987,8.48581699653026,17.737,2.64
Turkey,TR,TUR,792,Completion rate for youth of upper secondary education school age,2013,47.49535,Total,%,Total,TR,792.0,76147624.0,10195.8475785153,949181118917.851,7.49309030547693,76.297,1.92395933259341,88.1573215108987,8.48581699653026,17.737,2.64
Uganda,UG,UGA,800,Completion rate for youth of upper secondary education school age,2016,15.25169,Female,%,Total,UG,800.0,38799152.0,874.648370639216,28691910472.5653,5.70637504616212,61.648,1.04325843278611,,4.78100029254482,38.709,
Uganda,UG,UGA,800,Completion rate for youth of upper secondary education school age,2016,18.297371,Male,%,Total,UG,800.0,38799152.0,874.648370639216,28691910472.5653,5.70637504616212,61.648,1.04325843278611,,4.78100029254482,38.709,
Uganda,UG,UGA,800,Completion rate for youth of upper secondary education school age,2016,16.58814,Total,%,Total,UG,800.0,38799152.0,874.648370639216,28691910472.5653,5.70637504616212,61.648,1.04325843278611,,4.78100029254482,38.709,
Ukraine,UA,UKR,804,Completion rate for youth of upper secondary education school age,2012,96.800003,Female,%,Total,UA,804.0,46210056.0,2426.92944335938,180602773435.061,0.568727971803862,70.9441463414634,2.35345197687142,79.2576090487236,0.152314967200653,11.4,8.91
Ukraine,UA,UKR,804,Completion rate for youth of upper secondary education school age,2012,96.900002,Male,%,Total,UA,804.0,46210056.0,2426.92944335938,180602773435.061,0.568727971803862,70.9441463414634,2.35345197687142,79.2576090487236,0.152314967200653,11.4,8.91
Ukraine,UA,UKR,804,Completion rate for youth of upper secondary education school age,2012,96.800003,Total,%,Total,UA,804.0,46210056.0,2426.92944335938,180602773435.061,0.568727971803862,70.9441463414634,2.35345197687142,79.2576090487236,0.152314967200653,11.4,8.91
"Tanzania, United Republic of",TZ,TZA,834,Completion rate for youth of upper secondary education school age,2015,26.9,Female,%,Total,TZ,834.0,52020962.0,939.127319335938,46684218023.5751,5.58816952959298,64.651,1.09136986722986,,6.16062877406682,38.741,
"Tanzania, United Republic of",TZ,TZA,834,Completion rate for youth of upper secondary education school age,2015,32.200001,Male,%,Total,TZ,834.0,52020962.0,939.127319335938,46684218023.5751,5.58816952959298,64.651,1.09136986722986,,6.16062877406682,38.741,
"Tanzania, United Republic of",TZ,TZA,834,Completion rate for youth of upper secondary education school age,2015,29.299999,Total,%,Total,TZ,834.0,52020962.0,939.127319335938,46684218023.5751,5.58816952959298,64.651,1.09136986722986,,6.16062877406682,38.741,
Uruguay,UY,URY,858,Completion rate for youth of upper secondary education school age,2013,29.29899,Female,%,Total,UY,858.0,3345337.0,16639.4054750651,58272697036.2874,8.57513504005397,77.24,1.81655130184474,52.9163537788161,4.63753862902416,14.197,2.51
Uruguay,UY,URY,858,Completion rate for youth of upper secondary education school age,2013,47.933109,Male,%,Total,UY,858.0,3345337.0,16639.4054750651,58272697036.2874,8.57513504005397,77.24,1.81655130184474,52.9163537788161,4.63753862902416,14.197,2.51
Uruguay,UY,URY,858,Completion rate for youth of upper secondary education school age,2013,37.685638,Total,%,Total,UY,858.0,3345337.0,16639.4054750651,58272697036.2874,8.57513504005397,77.24,1.81655130184474,52.9163537788161,4.63753862902416,14.197,2.51
Vietnam,VN,VNM,704,Completion rate for youth of upper secondary education school age,2014,61.099998,Female,%,Total,VN,704.0,91679578.0,2439.28655744423,224605804804.237,4.08455446637617,73.855,1.82295771785959,,6.42224312118567,16.981,2.43
Vietnam,VN,VNM,704,Completion rate for youth of upper secondary education school age,2014,50.299999,Male,%,Total,VN,704.0,91679578.0,2439.28655744423,224605804804.237,4.08455446637617,73.855,1.82295771785959,,6.42224312118567,16.981,2.43
Vietnam,VN,VNM,704,Completion rate for youth of upper secondary education school age,2014,55.5,Total,%,Total,VN,704.0,91679578.0,2439.28655744423,224605804804.237,4.08455446637617,73.855,1.82295771785959,,6.42224312118567,16.981,2.43
Yemen,YE,YEM,887,Completion rate for youth of upper secondary education school age,2013,23.4,Female,%,Total,YE,887.0,29312952.0,2014.72887966873,38599633436.1767,10.9684421500198,67.545,4.07952740426758,98.4885027413083,4.82351906650533,34.794,0.6
Yemen,YE,YEM,887,Completion rate for youth of upper secondary education school age,2013,36.799999,Male,%,Total,YE,887.0,29312952.0,2014.72887966873,38599633436.1767,10.9684421500198,67.545,4.07952740426758,98.4885027413083,4.82351906650533,34.794,0.6
Yemen,YE,YEM,887,Completion rate for youth of upper secondary education school age,2013,29.5,Total,%,Total,YE,887.0,29312952.0,2014.72887966873,38599633436.1767,10.9684421500198,67.545,4.07952740426758,98.4885027413083,4.82351906650533,34.794,0.6
Zambia,ZM,ZMB,894,Completion rate for youth of upper secondary education school age,2018,26.924601,Female,%,Total,ZM,894.0,17973569.0,1321.25045711573,25904703273.4567,7.4945719272852,62.342,1.43749875079268,,4.03449389667165,36.04,
Zambia,ZM,ZMB,894,Completion rate for youth of upper secondary education school age,2018,33.276039,Male,%,Total,ZM,894.0,17973569.0,1321.25045711573,25904703273.4567,7.4945719272852,62.342,1.43749875079268,,4.03449389667165,36.04,
Zambia,ZM,ZMB,894,Completion rate for youth of upper secondary education school age,2018,29.66189,Total,%,Total,ZM,894.0,17973569.0,1321.25045711573,25904703273.4567,7.4945719272852,62.342,1.43749875079268,,4.03449389667165,36.04,
Zimbabwe,ZW,ZWE,716,Completion rate for youth of upper secondary education school age,2019,13.6,Female,%,Total,ZW,716.0,15271368.0,1350.30985088104,25261574788.7573,255.304990757856,61.292,0.729567173018744,,-6.33244640703352,31.518,
Zimbabwe,ZW,ZWE,716,Completion rate for youth of upper secondary education school age,2019,17.200001,Male,%,Total,ZW,716.0,15271368.0,1350.30985088104,25261574788.7573,255.304990757856,61.292,0.729567173018744,,-6.33244640703352,31.518,
Zimbabwe,ZW,ZWE,716,Completion rate for youth of upper secondary education school age,2019,15.3,Total,%,Total,ZW,716.0,15271368.0,1350.30985088104,25261574788.7573,255.304990757856,61.292,0.729567173018744,,-6.33244640703352,31.518,
